Workbook

Sheet Volume
B1: Location: | C1: Pearl Street south Medford Street
B2: Date: | C2: 42746
B3: Neighborhood: | C3: Charlestown, MA
A5: Volume
B6: NB | F6: Total
A7: Time Intervals | B7: 15-min | C7: Hour | D7: 15-min | E7: Hour | F7: 15-min | G7: Hour
A8: 0 | B8: 0 | F8: =SUM(B8,D8) -> 0
A9: 0.010416667 | B9: 0 | F9: =SUM(B9,D9) -> 0
A10: 0.020833333 | B10: 1 | F10: =SUM(B10,D10) -> 1
A11: 0.03125 | B11: 1 | C11: =SUM(B8:B11) -> 2 | E11: =SUM(D8:D11) -> 0 | F11: =SUM(B11,D11) -> 1 | G11: =SUM(F8:F11) -> 2
A12: 0.041666667 | B12: 0 | C12: =SUM(B9:B12) -> 2 | E12: =SUM(D9:D12) -> 0 | F12: =SUM(B12,D12) -> 0 | G12: =SUM(F9:F12) -> 2
A13: 0.052083333 | B13: 0 | C13: =SUM(B10:B13) -> 2 | E13: =SUM(D10:D13) -> 0 | F13: =SUM(B13,D13) -> 0 | G13: =SUM(F10:F13) -> 2
A14: 0.0625 | B14: 0 | C14: =SUM(B11:B14) -> 1 | E14: =SUM(D11:D14) -> 0 | F14: =SUM(B14,D14) -> 0 | G14: =SUM(F11:F14) -> 1
A15: 0.072916667 | B15: 0 | C15: =SUM(B12:B15) -> 0 | E15: =SUM(D12:D15) -> 0 | F15: =SUM(B15,D15) -> 0 | G15: =SUM(F12:F15) -> 0
A16: 0.083333333 | B16: 0 | C16: =SUM(B13:B16) -> 0 | E16: =SUM(D13:D16) -> 0 | F16: =SUM(B16,D16) -> 0 | G16: =SUM(F13:F16) -> 0
A17: 0.09375 | B17: 0 | C17: =SUM(B14:B17) -> 0 | E17: =SUM(D14:D17) -> 0 | F17: =SUM(B17,D17) -> 0 | G17: =SUM(F14:F17) -> 0
A18: 0.10416667 | B18: 0 | C18: =SUM(B15:B18) -> 0 | E18: =SUM(D15:D18) -> 0 | F18: =SUM(B18,D18) -> 0 | G18: =SUM(F15:F18) -> 0
A19: 0.11458333 | B19: 1 | C19: =SUM(B16:B19) -> 1 | E19: =SUM(D16:D19) -> 0 | F19: =SUM(B19,D19) -> 1 | G19: =SUM(F16:F19) -> 1
A20: 0.125 | B20: 0 | C20: =SUM(B17:B20) -> 1 | E20: =SUM(D17:D20) -> 0 | F20: =SUM(B20,D20) -> 0 | G20: =SUM(F17:F20) -> 1
A21: 0.13541667 | B21: 0 | C21: =SUM(B18:B21) -> 1 | E21: =SUM(D18:D21) -> 0 | F21: =SUM(B21,D21) -> 0 | G21: =SUM(F18:F21) -> 1
A22: 0.14583333 | B22: 0 | C22: =SUM(B19:B22) -> 1 | E22: =SUM(D19:D22) -> 0 | F22: =SUM(B22,D22) -> 0 | G22: =SUM(F19:F22) -> 1
... A103: 0.98958333 | B103: 1 | C103: =SUM(B100:B103) -> 3 | E103: =SUM(D100:D103) -> 0 | F103: =SUM(B103,D103) -> 1 | G103: =SUM(F100:F103) -> 3
B105: =B6 -> NB | D105: =D6 -> 0 | F105: =F6 -> Total
A106: Totals: | B106: =SUM(B8:B103) -> 243 | D106: =SUM(D8:D103) -> 0 | F106: =SUM(F8:F103) -> 243

Sheet Speed-1
B1: Location: | C1: =Volume!C1 -> Pearl Street south Medford Street
B2: Date: | C2: =Volume!C2 -> 42746
B3: Neighborhood: | C3: =Volume!C3 -> Charlestown, MA
A5: Speed
A6: =Volume!B6 -> NB
B7: 1 | C7: 6 | D7: 11 | E7: 16 | F7: 21 | G7: 26 | H7: 31 | I7: 36 | J7: 41 | K7: 46 | L7: 51 | M7: 56 | N7: 61
A8: Time | B8: 5 | C8: 10 | D8: 15 | E8: 20 | F8: 25 | G8: 30 | H8: 35 | I8: 40 | J8: 45 | K8: 50 | L8: 55 | M8: 60 | N8: 999 | O8: Total
A9: 0 | B9: 0 | C9: 1 | D9: 1 | E9: 0 | F9: 0 | G9: 0 | H9: 0 | I9: 0 | J9: 0 | K9: 0 | L9: 0 | M9: 0 | N9: 0 | O9: =SUM(B9:N9) -> 2
A10: 0.041666667 | B10: 0 | C10: 0 | D10: 0 | E10: 0 | F10: 0 | G10: 0 | H10: 0 | I10: 0 | J10: 0 | K10: 0 | L10: 0 | M10: 0 | N10: 0 | O10: =SUM(B10:N10) -> 0
A11: 0.083333333 | B11: 0 | C11: 0 | D11: 0 | E11: 1 | F11: 0 | G11: 0 | H11: 0 | I11: 0 | J11: 0 | K11: 0 | L11: 0 | M11: 0 | N11: 0 | O11: =SUM(B11:N11) -> 1
A12: 0.125 | B12: 0 | C12: 0 | D12: 0 | E12: 0 | F12: 0 | G12: 0 | H12: 0 | I12: 0 | J12: 0 | K12: 0 | L12: 0 | M12: 0 | N12: 0 | O12: =SUM(B12:N12) -> 0
A13: 0.16666667 | B13: 0 | C13: 2 | D13: 1 | E13: 0 | F13: 0 | G13: 0 | H13: 0 | I13: 0 | J13: 0 | K13: 0 | L13: 0 | M13: 0 | N13: 0 | O13: =SUM(B13:N13) -> 3
A14: 0.20833333 | B14: 0 | C14: 0 | D14: 1 | E14: 2 | F14: 0 | G14: 0 | H14: 0 | I14: 0 | J14: 0 | K14: 0 | L14: 0 | M14: 0 | N14: 0 | O14: =SUM(B14:N14) -> 3
A15: 0.25 | B15: 0 | C15: 1 | D15: 2 | E15: 3 | F15: 0 | G15: 0 | H15: 0 | I15: 0 | J15: 0 | K15: 0 | L15: 0 | M15: 0 | N15: 0 | O15: =SUM(B15:N15) -> 6
A16: 0.29166667 | B16: 0 | C16: 4 | D16: 12 | E16: 9 | F16: 1 | G16: 0 | H16: 0 | I16: 0 | J16: 0 | K16: 0 | L16: 0 | M16: 0 | N16: 0 | O16: =SUM(B16:N16) -> 26
A17: 0.33333333 | B17: 0 | C17: 7 | D17: 6 | E17: 8 | F17: 0 | G17: 0 | H17: 0 | I17: 0 | J17: 0 | K17: 0 | L17: 0 | M17: 0 | N17: 0 | O17: =SUM(B17:N17) -> 21
A18: 0.375 | B18: 1 | C18: 1 | D18: 7 | E18: 5 | F18: 1 | G18: 0 | H18: 0 | I18: 0 | J18: 0 | K18: 0 | L18: 0 | M18: 0 | N18: 0 | O18: =SUM(B18:N18) -> 15
A19: 0.41666667 | B19: 0 | C19: 6 | D19: 3 | E19: 1 | F19: 0 | G19: 1 | H19: 0 | I19: 0 | J19: 0 | K19: 0 | L19: 0 | M19: 0 | N19: 0 | O19: =SUM(B19:N19) -> 11
A20: 0.45833333 | B20: 0 | C20: 1 | D20: 1 | E20: 7 | F20: 3 | G20: 0 | H20: 0 | I20: 0 | J20: 0 | K20: 0 | L20: 0 | M20: 0 | N20: 0 | O20: =SUM(B20:N20) -> 12
... A32: 0.95833333 | B32: 0 | C32: 1 | D32: 2 | E32: 0 | F32: 0 | G32: 0 | H32: 0 | I32: 0 | J32: 0 | K32: 0 | L32: 0 | M32: 0 | N32: 0 | O32: =SUM(B32:N32) -> 3
A34: Total | B34: =SUM(B9:B32) -> 6 | C34: =SUM(C9:C32) -> 51 | D34: =SUM(D9:D32) -> 92 | E34: =SUM(E9:E32) -> 82 | F34: =SUM(F9:F32) -> 11 | G34: =SUM(G9:G32) -> 1 | H34: =SUM(H9:H32) -> 0 | I34: =SUM(I9:I32) -> 0 | ... O34: =SUM(O9:O32) -> 243
A35: Percent | B35: =SUM(B34)/$O$34 -> 0.024691358 | C35: =SUM(C34)/$O$34 -> 0.20987654 | D35: =SUM(D34)/$O$34 -> 0.37860082 | E35: =SUM(E34)/$O$34 -> 0.33744856 | F35: =SUM(F34)/$O$34 -> 0.04526749 | G35: =SUM(G34)/$O$34 -> 0.0041152263 | H35: =SUM(H34)/$O$34 -> 0 | I35: =SUM(I34)/$O$34 -> 0 | ... N35: =SUM(N34)/$O$34 -> 0
D37: 15th Percentile: | E37: 7
D38: 50th Percentile: | E38: 13
D39: 85th Percentile: | E39: 18
D40: 95th Percentile: | E40: 19
D42: Mean Speed (Average): | E42: 14
D44: 10 MPH pace speed: | E44: 11-20 | F44: MPH
D45: Number in pace: | E45: 174
D46: Percent in Pace | E46: =SUM(E45/O34) -> 0.71604938
D47: Number of Vehicles >25 MPH: | E47: =SUM(G34:N34) -> 1
D48: Percent of Vehicles >25 MPH: | E48: =SUM(E47)/$O$34 -> 0.0041152263
D49: Number of Vehicles >30 MPH: | E49: =SUM(H34:N34) -> 0
D50: Percent of Vehicles >30 MPH: | E50: =SUM(E49)/$O$34 -> 0
D51: Number of Vehicles >35 MPH: | E51: =SUM(I34:N34) -> 0
D52: Percent of Vehicles >35 MPH: | E52: =SUM(E51)/$O$34 -> 0

Sheet Classification-1
B1: Location: | C1: =Volume!C1 -> Pearl Street south Medford Street
B2: Date: | C2: =Volume!C2 -> 42746
B3: Neighborhood: | C3: =Volume!C3 -> Charlestown, MA
A5: Classification
A6: =Volume!B6 -> NB
B7: Motor | C7: Cars & | D7: 2 Axle | E7: Buses | F7: 2 Axle | G7: 3 Axle | H7: 4 Axle | I7: <5 Axle | J7: 5 Axle | K7: >6 Axle | L7: >6 Axle | M7: 6 Axle | N7: >6 Axle
A8: Time | B8: Cycle | C8: Trailers | D8: Long | F8: 6 Tire | G8: Single | H8: Single | I8: Double | J8: Double | K8: Double | L8: Multi | M8: Multi | N8: Multi | O8: Total
A9: 0 | B9: 0 | C9: 2 | D9: 0 | E9: 0 | F9: 0 | G9: 0 | H9: 0 | I9: 0 | J9: 0 | K9: 0 | L9: 0 | M9: 0 | N9: 0 | O9: =SUM(B9:N9) -> 2
A10: 0.041666667 | B10: 0 | C10: 0 | D10: 0 | E10: 0 | F10: 0 | G10: 0 | H10: 0 | I10: 0 | J10: 0 | K10: 0 | L10: 0 | M10: 0 | N10: 0 | O10: =SUM(B10:N10) -> 0
A11: 0.083333333 | B11: 0 | C11: 1 | D11: 0 | E11: 0 | F11: 0 | G11: 0 | H11: 0 | I11: 0 | J11: 0 | K11: 0 | L11: 0 | M11: 0 | N11: 0 | O11: =SUM(B11:N11) -> 1
A12: 0.125 | B12: 0 | C12: 0 | D12: 0 | E12: 0 | F12: 0 | G12: 0 | H12: 0 | I12: 0 | J12: 0 | K12: 0 | L12: 0 | M12: 0 | N12: 0 | O12: =SUM(B12:N12) -> 0
A13: 0.16666667 | B13: 2 | C13: 1 | D13: 0 | E13: 0 | F13: 0 | G13: 0 | H13: 0 | I13: 0 | J13: 0 | K13: 0 | L13: 0 | M13: 0 | N13: 0 | O13: =SUM(B13:N13) -> 3
A14: 0.20833333 | B14: 0 | C14: 1 | D14: 2 | E14: 0 | F14: 0 | G14: 0 | H14: 0 | I14: 0 | J14: 0 | K14: 0 | L14: 0 | M14: 0 | N14: 0 | O14: =SUM(B14:N14) -> 3
A15: 0.25 | B15: 0 | C15: 5 | D15: 1 | E15: 0 | F15: 0 | G15: 0 | H15: 0 | I15: 0 | J15: 0 | K15: 0 | L15: 0 | M15: 0 | N15: 0 | O15: =SUM(B15:N15) -> 6
A16: 0.29166667 | B16: 4 | C16: 19 | D16: 2 | E16: 1 | F16: 0 | G16: 0 | H16: 0 | I16: 0 | J16: 0 | K16: 0 | L16: 0 | M16: 0 | N16: 0 | O16: =SUM(B16:N16) -> 26
A17: 0.33333333 | B17: 2 | C17: 17 | D17: 1 | E17: 0 | F17: 1 | G17: 0 | H17: 0 | I17: 0 | J17: 0 | K17: 0 | L17: 0 | M17: 0 | N17: 0 | O17: =SUM(B17:N17) -> 21
A18: 0.375 | B18: 1 | C18: 11 | D18: 1 | E18: 0 | F18: 2 | G18: 0 | H18: 0 | I18: 0 | J18: 0 | K18: 0 | L18: 0 | M18: 0 | N18: 0 | O18: =SUM(B18:N18) -> 15
A19: 0.41666667 | B19: 2 | C19: 8 | D19: 0 | E19: 0 | F19: 1 | G19: 0 | H19: 0 | I19: 0 | J19: 0 | K19: 0 | L19: 0 | M19: 0 | N19: 0 | O19: =SUM(B19:N19) -> 11
A20: 0.45833333 | B20: 0 | C20: 10 | D20: 0 | E20: 0 | F20: 2 | G20: 0 | H20: 0 | I20: 0 | J20: 0 | K20: 0 | L20: 0 | M20: 0 | N20: 0 | O20: =SUM(B20:N20) -> 12
... A32: 0.95833333 | B32: 0 | C32: 3 | D32: 0 | E32: 0 | F32: 0 | G32: 0 | H32: 0 | I32: 0 | J32: 0 | K32: 0 | L32: 0 | M32: 0 | N32: 0 | O32: =SUM(B32:N32) -> 3
A34: Total | B34: =SUM(B9:B32) -> 14 | C34: =SUM(C9:C32) -> 197 | D34: =SUM(D9:D32) -> 18 | E34: =SUM(E9:E32) -> 1 | F34: =SUM(F9:F32) -> 12 | G34: =SUM(G9:G32) -> 0 | H34: =SUM(H9:H32) -> 1 | I34: =SUM(I9:I32) -> 0 | ... O34: =SUM(O9:O32) -> 243
A35: Percent | B35: =SUM(B34)/$O$34 -> 0.057613169 | C35: =SUM(C34)/$O$34 -> 0.81069959 | D35: =SUM(D34)/$O$34 -> 0.074074074 | E35: =SUM(E34)/$O$34 -> 0.0041152263 | F35: =SUM(F34)/$O$34 -> 0.049382716 | G35: =SUM(G34)/$O$34 -> 0 | H35: =SUM(H34)/$O$34 -> 0.0041152263 | I35: =SUM(I34)/$O$34 -> 0 | ... N35: =SUM(N34)/$O$34 -> 0
C38: Motorcycles: | D38: =SUM(B34) -> 14 | E38: =(D38)/$O$34 -> 0.057613169
B39: Cars and Light Trucks: | D39: =SUM(C34:D34) -> 215 | E39: =SUM(D39)/$O$34 -> 0.88477366
C40: Heavy Vehicles: | D40: =SUM(E34:N34) -> 14 | E40: =SUM(D40)/$O$34 -> 0.057613169
