Workbook

Sheet Classification-1
B1: Location: | C1: #85 Linden Street
B2: Date: | C2: 41611
B3: Neighborhood: | C3: Allston, MA
A5: Classification
A6: NB
B7: Motor | C7: Cars & | D7: 2 Axle | E7: Buses | F7: 2 Axle | G7: 3 Axle | H7: 4 Axle | I7: <5 Axle | J7: 5 Axle | K7: >6 Axle | L7: >6 Axle | M7: 6 Axle | N7: >6 Axle
A8: Time | B8: Cycle | C8: Trailers | D8: Long | F8: 6 Tire | G8: Single | H8: Single | I8: Double | J8: Double | K8: Double | L8: Multi | M8: Multi | N8: Multi | O8: Total
A9: 0 | B9: 0 | C9: 32 | D9: 7 | E9: 0 | F9: 0 | G9: 0 | H9: 0 | I9: 0 | J9: 0 | K9: 0 | L9: 0 | M9: 0 | N9: 0 | O9: =SUM(B9:N9) -> 39
A10: 0.041666667 | B10: 0 | C10: 16 | D10: 4 | E10: 0 | F10: 0 | G10: 0 | H10: 0 | I10: 0 | J10: 0 | K10: 0 | L10: 0 | M10: 0 | N10: 0 | O10: =SUM(B10:N10) -> 20
A11: 0.083333333 | B11: 0 | C11: 10 | D11: 2 | E11: 0 | F11: 1 | G11: 0 | H11: 0 | I11: 0 | J11: 0 | K11: 0 | L11: 0 | M11: 0 | N11: 0 | O11: =SUM(B11:N11) -> 13
A12: 0.125 | B12: 0 | C12: 10 | D12: 0 | E12: 0 | F12: 0 | G12: 0 | H12: 0 | I12: 0 | J12: 0 | K12: 0 | L12: 0 | M12: 0 | N12: 0 | O12: =SUM(B12:N12) -> 10
A13: 0.16666667 | B13: 0 | C13: 8 | D13: 2 | E13: 0 | F13: 0 | G13: 0 | H13: 0 | I13: 0 | J13: 0 | K13: 0 | L13: 0 | M13: 0 | N13: 0 | O13: =SUM(B13:N13) -> 10
A14: 0.20833333 | B14: 0 | C14: 35 | D14: 5 | E14: 0 | F14: 1 | G14: 1 | H14: 0 | I14: 0 | J14: 0 | K14: 0 | L14: 0 | M14: 0 | N14: 0 | O14: =SUM(B14:N14) -> 42
A15: 0.25 | B15: 0 | C15: 101 | D15: 13 | E15: 1 | F15: 0 | G15: 0 | H15: 0 | I15: 0 | J15: 0 | K15: 0 | L15: 0 | M15: 0 | N15: 0 | O15: =SUM(B15:N15) -> 115
A16: 0.29166667 | B16: 3 | C16: 263 | D16: 21 | E16: 0 | F16: 4 | G16: 0 | H16: 0 | I16: 1 | J16: 0 | K16: 0 | L16: 0 | M16: 0 | N16: 0 | O16: =SUM(B16:N16) -> 292
A17: 0.33333333 | B17: 0 | C17: 304 | D17: 31 | E17: 0 | F17: 4 | G17: 1 | H17: 0 | I17: 1 | J17: 0 | K17: 0 | L17: 0 | M17: 0 | N17: 0 | O17: =SUM(B17:N17) -> 341
A18: 0.375 | B18: 0 | C18: 238 | D18: 30 | E18: 1 | F18: 3 | G18: 0 | H18: 0 | I18: 0 | J18: 0 | K18: 0 | L18: 0 | M18: 0 | N18: 0 | O18: =SUM(B18:N18) -> 272
A19: 0.41666667 | B19: 1 | C19: 164 | D19: 36 | E19: 1 | F19: 2 | G19: 0 | H19: 0 | I19: 1 | J19: 0 | K19: 0 | L19: 0 | M19: 0 | N19: 0 | O19: =SUM(B19:N19) -> 205
A20: 0.45833333 | B20: 1 | C20: 126 | D20: 27 | E20: 1 | F20: 3 | G20: 1 | H20: 0 | I20: 0 | J20: 0 | K20: 0 | L20: 0 | M20: 0 | N20: 0 | O20: =SUM(B20:N20) -> 159
... A32: 0.95833333 | B32: 1 | C32: 48 | D32: 5 | E32: 0 | F32: 0 | G32: 0 | H32: 0 | I32: 0 | J32: 0 | K32: 0 | L32: 0 | M32: 0 | N32: 0 | O32: =SUM(B32:N32) -> 54
A34: Total | B34: =SUM(B9:B32) -> 18 | C34: =SUM(C9:C32) -> 3233 | D34: =SUM(D9:D32) -> 482 | E34: =SUM(E9:E32) -> 10 | F34: =SUM(F9:F32) -> 60 | G34: =SUM(G9:G32) -> 4 | H34: =SUM(H9:H32) -> 0 | I34: =SUM(I9:I32) -> 6 | ... O34: =SUM(O9:O32) -> 3814
A35: Percent | B35: =SUM(B34)/$O$34 -> 0.0047194546 | C35: =SUM(C34)/$O$34 -> 0.84766649 | D35: =SUM(D34)/$O$34 -> 0.12637651 | E35: =SUM(E34)/$O$34 -> 0.0026219192 | F35: =SUM(F34)/$O$34 -> 0.015731515 | G35: =SUM(G34)/$O$34 -> 0.0010487677 | H35: =SUM(H34)/$O$34 -> 0 | I35: =SUM(I34)/$O$34 -> 0.0015731515 | ... N35: =SUM(N34)/$O$34 -> 0
C38: Motorcycles: | D38: =SUM(B34) -> 18 | E38: =(D38)/$O$34 -> 0.0047194546
B39: Cars and Light Trucks: | D39: =SUM(C34:D34) -> 3715 | E39: =SUM(D39)/$O$34 -> 0.974043
C40: Heavy Vehicles: | D40: =SUM(E34:N34) -> 81 | E40: =SUM(D40)/$O$34 -> 0.021237546

Sheet Classification-2
B1: Location: | C1: #20 Elmhurst Street
B2: Date: | C2: 41507
B3: Neighborhood: | C3: Dorchester, MA
A5: Classification
A6: SB
B7: Motor | C7: Cars & | D7: 2 Axle | E7: Buses | F7: 2 Axle | G7: 3 Axle | H7: 4 Axle | I7: <5 Axle | J7: 5 Axle | K7: >6 Axle | L7: >6 Axle | M7: 6 Axle | N7: >6 Axle
A8: Time | B8: Cycle | C8: Trailers | D8: Long | F8: 6 Tire | G8: Single | H8: Single | I8: Double | J8: Double | K8: Double | L8: Multi | M8: Multi | N8: Multi | O8: Total
A9: 0 | B9: 0 | C9: 0 | D9: 0 | E9: 0 | F9: 0 | G9: 0 | H9: 0 | I9: 0 | J9: 0 | K9: 0 | L9: 0 | M9: 0 | N9: 0 | O9: =SUM(B9:N9) -> 0
A10: 0.041666667 | B10: 0 | C10: 0 | D10: 0 | E10: 0 | F10: 0 | G10: 0 | H10: 0 | I10: 0 | J10: 0 | K10: 0 | L10: 0 | M10: 0 | N10: 0 | O10: =SUM(B10:N10) -> 0
A11: 0.083333333 | B11: 0 | C11: 0 | D11: 0 | E11: 0 | F11: 0 | G11: 0 | H11: 0 | I11: 0 | J11: 0 | K11: 0 | L11: 0 | M11: 0 | N11: 0 | O11: =SUM(B11:N11) -> 0
A12: 0.125 | B12: 0 | C12: 0 | D12: 0 | E12: 0 | F12: 0 | G12: 0 | H12: 0 | I12: 0 | J12: 0 | K12: 0 | L12: 0 | M12: 0 | N12: 0 | O12: =SUM(B12:N12) -> 0
A13: 0.16666667 | B13: 0 | C13: 0 | D13: 0 | E13: 0 | F13: 0 | G13: 0 | H13: 0 | I13: 0 | J13: 0 | K13: 0 | L13: 0 | M13: 0 | N13: 0 | O13: =SUM(B13:N13) -> 0
A14: 0.20833333 | B14: 0 | C14: 0 | D14: 0 | E14: 0 | F14: 0 | G14: 0 | H14: 0 | I14: 0 | J14: 0 | K14: 0 | L14: 0 | M14: 0 | N14: 0 | O14: =SUM(B14:N14) -> 0
A15: 0.25 | B15: 0 | C15: 1 | D15: 0 | E15: 0 | F15: 0 | G15: 0 | H15: 0 | I15: 0 | J15: 0 | K15: 0 | L15: 0 | M15: 0 | N15: 0 | O15: =SUM(B15:N15) -> 1
A16: 0.29166667 | B16: 0 | C16: 0 | D16: 0 | E16: 0 | F16: 0 | G16: 0 | H16: 0 | I16: 0 | J16: 0 | K16: 0 | L16: 0 | M16: 0 | N16: 0 | O16: =SUM(B16:N16) -> 0
A17: 0.33333333 | B17: 0 | C17: 3 | D17: 0 | E17: 0 | F17: 0 | G17: 0 | H17: 0 | I17: 0 | J17: 0 | K17: 0 | L17: 0 | M17: 0 | N17: 0 | O17: =SUM(B17:N17) -> 3
A18: 0.375 | B18: 0 | C18: 0 | D18: 0 | E18: 0 | F18: 0 | G18: 0 | H18: 0 | I18: 0 | J18: 0 | K18: 0 | L18: 0 | M18: 0 | N18: 0 | O18: =SUM(B18:N18) -> 0
A19: 0.41666667 | B19: 0 | C19: 1 | D19: 0 | E19: 0 | F19: 0 | G19: 0 | H19: 0 | I19: 0 | J19: 0 | K19: 0 | L19: 0 | M19: 0 | N19: 0 | O19: =SUM(B19:N19) -> 1
A20: 0.45833333 | B20: 0 | C20: 1 | D20: 0 | E20: 0 | F20: 0 | G20: 0 | H20: 0 | I20: 0 | J20: 0 | K20: 0 | L20: 0 | M20: 0 | N20: 0 | O20: =SUM(B20:N20) -> 1
... A32: 0.95833333 | B32: 0 | C32: 1 | D32: 0 | E32: 0 | F32: 0 | G32: 0 | H32: 0 | I32: 0 | J32: 0 | K32: 0 | L32: 0 | M32: 0 | N32: 0 | O32: =SUM(B32:N32) -> 1
A34: Total | B34: =SUM(B9:B32) -> 0 | C34: =SUM(C9:C32) -> 19 | D34: =SUM(D9:D32) -> 0 | E34: =SUM(E9:E32) -> 0 | F34: =SUM(F9:F32) -> 0 | G34: =SUM(G9:G32) -> 0 | H34: =SUM(H9:H32) -> 0 | I34: =SUM(I9:I32) -> 0 | ... O34: =SUM(O9:O32) -> 19
A35: Percent | B35: =SUM(B34)/$O$34 -> 0 | C35: =SUM(C34)/$O$34 -> 1 | D35: =SUM(D34)/$O$34 -> 0 | E35: =SUM(E34)/$O$34 -> 0 | F35: =SUM(F34)/$O$34 -> 0 | G35: =SUM(G34)/$O$34 -> 0 | H35: =SUM(H34)/$O$34 -> 0 | I35: =SUM(I34)/$O$34 -> 0 | ... N35: =SUM(N34)/$O$34 -> 0
C38: Motorcycles: | D38: =SUM(B34) -> 0 | E38: =(D38)/$O$34 -> 0
B39: Cars and Light Trucks: | D39: =SUM(C34:D34) -> 19 | E39: =SUM(D39)/$O$34 -> 1
C40: Heavy Vehicles: | D40: =SUM(E34:N34) -> 0 | E40: =SUM(D40)/$O$34 -> 0

Sheet Classification-Combined
B1: Location: | C1: #20 Elmhurst Street
B2: Date: | C2: 41507
B3: Neighborhood: | C3: Dorchester, MA
A5: Classification
A6: Combined
B7: Motor | C7: Cars & | D7: 2 Axle | E7: Buses | F7: 2 Axle | G7: 3 Axle | H7: 4 Axle | I7: <5 Axle | J7: 5 Axle | K7: >6 Axle | L7: >6 Axle | M7: 6 Axle | N7: >6 Axle
A8: Time | B8: Cycle | C8: Trailers | D8: Long | F8: 6 Tire | G8: Single | H8: Single | I8: Double | J8: Double | K8: Double | L8: Multi | M8: Multi | N8: Multi | O8: Total
A9: 0 | B9: =SUM('Classification-1'!B9+'Classification-2'!B9) -> 0 | C9: =SUM('Classification-1'!C9+'Classification-2'!C9) -> 32 | D9: =SUM('Classification-1'!D9+'Classification-2'!D9) -> 7 | E9: =SUM('Classification-1'!E9+'Classification-2'!E9) -> 0 | F9: =SUM('Classification-1'!F9+'Classification-2'!F9) -> 0 | G9: =SUM('Classification-1'!G9+'Classification-2'!G9) -> 0 | H9: =SUM('Classification-1'!H9+'Classification-2'!H9) -> 0 | I9: =SUM('Classification-1'!I9+'Classification-2'!I9) -> 0 | ... N9: =SUM('Classification-1'!N9+'Classification-2'!N9) -> 0 | O9: =SUM(B9:N9) -> 39
A10: 0.041666667 | B10: =SUM('Classification-1'!B10+'Classification-2'!B10) -> 0 | C10: =SUM('Classification-1'!C10+'Classification-2'!C10) -> 16 | D10: =SUM('Classification-1'!D10+'Classification-2'!D10) -> 4 | E10: =SUM('Classification-1'!E10+'Classification-2'!E10) -> 0 | F10: =SUM('Classification-1'!F10+'Classification-2'!F10) -> 0 | G10: =SUM('Classification-1'!G10+'Classification-2'!G10) -> 0 | H10: =SUM('Classification-1'!H10+'Classification-2'!H10) -> 0 | I10: =SUM('Classification-1'!I10+'Classification-2'!I10) -> 0 | ... N10: =SUM('Classification-1'!N10+'Classification-2'!N10) -> 0 | O10: =SUM(B10:N10) -> 20
A11: 0.083333333 | B11: =SUM('Classification-1'!B11+'Classification-2'!B11) -> 0 | C11: =SUM('Classification-1'!C11+'Classification-2'!C11) -> 10 | D11: =SUM('Classification-1'!D11+'Classification-2'!D11) -> 2 | E11: =SUM('Classification-1'!E11+'Classification-2'!E11) -> 0 | F11: =SUM('Classification-1'!F11+'Classification-2'!F11) -> 1 | G11: =SUM('Classification-1'!G11+'Classification-2'!G11) -> 0 | H11: =SUM('Classification-1'!H11+'Classification-2'!H11) -> 0 | I11: =SUM('Classification-1'!I11+'Classification-2'!I11) -> 0 | ... N11: =SUM('Classification-1'!N11+'Classification-2'!N11) -> 0 | O11: =SUM(B11:N11) -> 13
A12: 0.125 | B12: =SUM('Classification-1'!B12+'Classification-2'!B12) -> 0 | C12: =SUM('Classification-1'!C12+'Classification-2'!C12) -> 10 | D12: =SUM('Classification-1'!D12+'Classification-2'!D12) -> 0 | E12: =SUM('Classification-1'!E12+'Classification-2'!E12) -> 0 | F12: =SUM('Classification-1'!F12+'Classification-2'!F12) -> 0 | G12: =SUM('Classification-1'!G12+'Classification-2'!G12) -> 0 | H12: =SUM('Classification-1'!H12+'Classification-2'!H12) -> 0 | I12: =SUM('Classification-1'!I12+'Classification-2'!I12) -> 0 | ... N12: =SUM('Classification-1'!N12+'Classification-2'!N12) -> 0 | O12: =SUM(B12:N12) -> 10
A13: 0.16666667 | B13: =SUM('Classification-1'!B13+'Classification-2'!B13) -> 0 | C13: =SUM('Classification-1'!C13+'Classification-2'!C13) -> 8 | D13: =SUM('Classification-1'!D13+'Classification-2'!D13) -> 2 | E13: =SUM('Classification-1'!E13+'Classification-2'!E13) -> 0 | F13: =SUM('Classification-1'!F13+'Classification-2'!F13) -> 0 | G13: =SUM('Classification-1'!G13+'Classification-2'!G13) -> 0 | H13: =SUM('Classification-1'!H13+'Classification-2'!H13) -> 0 | I13: =SUM('Classification-1'!I13+'Classification-2'!I13) -> 0 | ... N13: =SUM('Classification-1'!N13+'Classification-2'!N13) -> 0 | O13: =SUM(B13:N13) -> 10
A14: 0.20833333 | B14: =SUM('Classification-1'!B14+'Classification-2'!B14) -> 0 | C14: =SUM('Classification-1'!C14+'Classification-2'!C14) -> 35 | D14: =SUM('Classification-1'!D14+'Classification-2'!D14) -> 5 | E14: =SUM('Classification-1'!E14+'Classification-2'!E14) -> 0 | F14: =SUM('Classification-1'!F14+'Classification-2'!F14) -> 1 | G14: =SUM('Classification-1'!G14+'Classification-2'!G14) -> 1 | H14: =SUM('Classification-1'!H14+'Classification-2'!H14) -> 0 | I14: =SUM('Classification-1'!I14+'Classification-2'!I14) -> 0 | ... N14: =SUM('Classification-1'!N14+'Classification-2'!N14) -> 0 | O14: =SUM(B14:N14) -> 42
A15: 0.25 | B15: =SUM('Classification-1'!B15+'Classification-2'!B15) -> 0 | C15: =SUM('Classification-1'!C15+'Classification-2'!C15) -> 102 | D15: =SUM('Classification-1'!D15+'Classification-2'!D15) -> 13 | E15: =SUM('Classification-1'!E15+'Classification-2'!E15) -> 1 | F15: =SUM('Classification-1'!F15+'Classification-2'!F15) -> 0 | G15: =SUM('Classification-1'!G15+'Classification-2'!G15) -> 0 | H15: =SUM('Classification-1'!H15+'Classification-2'!H15) -> 0 | I15: =SUM('Classification-1'!I15+'Classification-2'!I15) -> 0 | ... N15: =SUM('Classification-1'!N15+'Classification-2'!N15) -> 0 | O15: =SUM(B15:N15) -> 116
A16: 0.29166667 | B16: =SUM('Classification-1'!B16+'Classification-2'!B16) -> 3 | C16: =SUM('Classification-1'!C16+'Classification-2'!C16) -> 263 | D16: =SUM('Classification-1'!D16+'Classification-2'!D16) -> 21 | E16: =SUM('Classification-1'!E16+'Classification-2'!E16) -> 0 | F16: =SUM('Classification-1'!F16+'Classification-2'!F16) -> 4 | G16: =SUM('Classification-1'!G16+'Classification-2'!G16) -> 0 | H16: =SUM('Classification-1'!H16+'Classification-2'!H16) -> 0 | I16: =SUM('Classification-1'!I16+'Classification-2'!I16) -> 1 | ... N16: =SUM('Classification-1'!N16+'Classification-2'!N16) -> 0 | O16: =SUM(B16:N16) -> 292
A17: 0.33333333 | B17: =SUM('Classification-1'!B17+'Classification-2'!B17) -> 0 | C17: =SUM('Classification-1'!C17+'Classification-2'!C17) -> 307 | D17: =SUM('Classification-1'!D17+'Classification-2'!D17) -> 31 | E17: =SUM('Classification-1'!E17+'Classification-2'!E17) -> 0 | F17: =SUM('Classification-1'!F17+'Classification-2'!F17) -> 4 | G17: =SUM('Classification-1'!G17+'Classification-2'!G17) -> 1 | H17: =SUM('Classification-1'!H17+'Classification-2'!H17) -> 0 | I17: =SUM('Classification-1'!I17+'Classification-2'!I17) -> 1 | ... N17: =SUM('Classification-1'!N17+'Classification-2'!N17) -> 0 | O17: =SUM(B17:N17) -> 344
A18: 0.375 | B18: =SUM('Classification-1'!B18+'Classification-2'!B18) -> 0 | C18: =SUM('Classification-1'!C18+'Classification-2'!C18) -> 238 | D18: =SUM('Classification-1'!D18+'Classification-2'!D18) -> 30 | E18: =SUM('Classification-1'!E18+'Classification-2'!E18) -> 1 | F18: =SUM('Classification-1'!F18+'Classification-2'!F18) -> 3 | G18: =SUM('Classification-1'!G18+'Classification-2'!G18) -> 0 | H18: =SUM('Classification-1'!H18+'Classification-2'!H18) -> 0 | I18: =SUM('Classification-1'!I18+'Classification-2'!I18) -> 0 | ... N18: =SUM('Classification-1'!N18+'Classification-2'!N18) -> 0 | O18: =SUM(B18:N18) -> 272
A19: 0.41666667 | B19: =SUM('Classification-1'!B19+'Classification-2'!B19) -> 1 | C19: =SUM('Classification-1'!C19+'Classification-2'!C19) -> 165 | D19: =SUM('Classification-1'!D19+'Classification-2'!D19) -> 36 | E19: =SUM('Classification-1'!E19+'Classification-2'!E19) -> 1 | F19: =SUM('Classification-1'!F19+'Classification-2'!F19) -> 2 | G19: =SUM('Classification-1'!G19+'Classification-2'!G19) -> 0 | H19: =SUM('Classification-1'!H19+'Classification-2'!H19) -> 0 | I19: =SUM('Classification-1'!I19+'Classification-2'!I19) -> 1 | ... N19: =SUM('Classification-1'!N19+'Classification-2'!N19) -> 0 | O19: =SUM(B19:N19) -> 206
A20: 0.45833333 | B20: =SUM('Classification-1'!B20+'Classification-2'!B20) -> 1 | C20: =SUM('Classification-1'!C20+'Classification-2'!C20) -> 127 | D20: =SUM('Classification-1'!D20+'Classification-2'!D20) -> 27 | E20: =SUM('Classification-1'!E20+'Classification-2'!E20) -> 1 | F20: =SUM('Classification-1'!F20+'Classification-2'!F20) -> 3 | G20: =SUM('Classification-1'!G20+'Classification-2'!G20) -> 1 | H20: =SUM('Classification-1'!H20+'Classification-2'!H20) -> 0 | I20: =SUM('Classification-1'!I20+'Classification-2'!I20) -> 0 | ... N20: =SUM('Classification-1'!N20+'Classification-2'!N20) -> 0 | O20: =SUM(B20:N20) -> 160
... A32: 0.95833333 | B32: =SUM('Classification-1'!B32+'Classification-2'!B32) -> 1 | C32: =SUM('Classification-1'!C32+'Classification-2'!C32) -> 49 | D32: =SUM('Classification-1'!D32+'Classification-2'!D32) -> 5 | E32: =SUM('Classification-1'!E32+'Classification-2'!E32) -> 0 | F32: =SUM('Classification-1'!F32+'Classification-2'!F32) -> 0 | G32: =SUM('Classification-1'!G32+'Classification-2'!G32) -> 0 | H32: =SUM('Classification-1'!H32+'Classification-2'!H32) -> 0 | I32: =SUM('Classification-1'!I32+'Classification-2'!I32) -> 0 | ... N32: =SUM('Classification-1'!N32+'Classification-2'!N32) -> 0 | O32: =SUM(B32:N32) -> 55
A34: Total | B34: =SUM(B9:B32) -> 18 | C34: =SUM(C9:C32) -> 3252 | D34: =SUM(D9:D32) -> 482 | E34: =SUM(E9:E32) -> 10 | F34: =SUM(F9:F32) -> 60 | G34: =SUM(G9:G32) -> 4 | H34: =SUM(H9:H32) -> 0 | I34: =SUM(I9:I32) -> 6 | ... O34: =SUM(O9:O32) -> 3833
A35: Percent | B35: =SUM(B34)/$O$34 -> 0.0046960605 | C35: =SUM(C34)/$O$34 -> 0.8484216 | D35: =SUM(D34)/$O$34 -> 0.12575007 | E35: =SUM(E34)/$O$34 -> 0.0026089225 | F35: =SUM(F34)/$O$34 -> 0.015653535 | G35: =SUM(G34)/$O$34 -> 0.001043569 | H35: =SUM(H34)/$O$34 -> 0 | I35: =SUM(I34)/$O$34 -> 0.0015653535 | ... N35: =SUM(N34)/$O$34 -> 0
C38: Motorcycles: | D38: =SUM(B34) -> 18 | E38: =(D38)/$O$34 -> 0.0046960605
B39: Cars and Light Trucks: | D39: =SUM(C34:D34) -> 3734 | E39: =SUM(D39)/$O$34 -> 0.97417167
C40: Heavy Vehicles: | D40: =SUM(E34:N34) -> 81 | E40: =SUM(D40)/$O$34 -> 0.021132272
